Workbook

Sheet MRR
E1: Material Receiving Report
E2: Rec'd By: | F2: Lucian Gear | G2: Rec. Date:
E3: Supplier: | G3: PO #:
A4: Job No. | E4: Record of Actual Code Required Markings
A5: Qty | B5: Circ. | C5: Diam. | D5: Thickness | E5: Heat # | F5: Product Description | G5: Material Spec. | H5: Part # | I5: Color Code
I6: =IF(ISNA(VLOOKUP(G6,'Data sheet'!A1:B174,2,FALSE)),"",(VLOOKUP(G6,'Data sheet'!A1:B165,2,FALSE)))
I7: =IF(ISNA(VLOOKUP(G7,'Data sheet'!A1:B174,2,FALSE)),"",(VLOOKUP(G7,'Data sheet'!A1:B165,2,FALSE)))
I8: =IF(ISNA(VLOOKUP(G8,'Data sheet'!A1:B174,2,FALSE)),"",(VLOOKUP(G8,'Data sheet'!A1:B165,2,FALSE)))
I9: =IF(ISNA(VLOOKUP(G9,'Data sheet'!A1:B174,2,FALSE)),"",(VLOOKUP(G9,'Data sheet'!A1:B165,2,FALSE)))
I10: =IF(ISNA(VLOOKUP(G10,'Data sheet'!A1:B174,2,FALSE)),"",(VLOOKUP(G10,'Data sheet'!A1:B165,2,FALSE)))
I11: =IF(ISNA(VLOOKUP(G11,'Data sheet'!A1:B174,2,FALSE)),"",(VLOOKUP(G11,'Data sheet'!A1:B165,2,FALSE)))
I12: =IF(ISNA(VLOOKUP(G12,'Data sheet'!A1:B174,2,FALSE)),"",(VLOOKUP(G12,'Data sheet'!A1:B165,2,FALSE)))
I13: =IF(ISNA(VLOOKUP(G13,'Data sheet'!A1:B174,2,FALSE)),"",(VLOOKUP(G13,'Data sheet'!A1:B165,2,FALSE)))
I14: =IF(ISNA(VLOOKUP(G14,'Data sheet'!A1:B180,2,FALSE)),"",(VLOOKUP(G14,'Data sheet'!A1:B171,2,FALSE)))
I15: =IF(ISNA(VLOOKUP(G15,'Data sheet'!A1:B181,2,FALSE)),"",(VLOOKUP(G15,'Data sheet'!A1:B172,2,FALSE)))
I16: =IF(ISNA(VLOOKUP(G16,'Data sheet'!A1:B182,2,FALSE)),"",(VLOOKUP(G16,'Data sheet'!A1:B173,2,FALSE)))
I17: =IF(ISNA(VLOOKUP(G17,'Data sheet'!A1:B183,2,FALSE)),"",(VLOOKUP(G17,'Data sheet'!A1:B174,2,FALSE)))
I18: =IF(ISNA(VLOOKUP(G18,'Data sheet'!A1:B184,2,FALSE)),"",(VLOOKUP(G18,'Data sheet'!A1:B175,2,FALSE)))
I19: =IF(ISNA(VLOOKUP(G19,'Data sheet'!A1:B185,2,FALSE)),"",(VLOOKUP(G19,'Data sheet'!A1:B176,2,FALSE)))
I20: =IF(ISNA(VLOOKUP(G20,'Data sheet'!A1:B186,2,FALSE)),"",(VLOOKUP(G20,'Data sheet'!A1:B177,2,FALSE)))
I21: =IF(ISNA(VLOOKUP(G21,'Data sheet'!A1:B187,2,FALSE)),"",(VLOOKUP(G21,'Data sheet'!A1:B178,2,FALSE)))

Sheet MRR 2
E1: Material Receiving Report
E2: Rec'd By: | F2: Lucian Gear | G2: Rec. Date:
E3: Supplier: | G3: PO #:
A4: Job No. | E4: Record of Actual Code Required Markings
A5: Qty | B5: Circ. | C5: Diam. | D5: Thickness | E5: Heat # | F5: Product Description | G5: Material Spec. | H5: Part # | I5: Color Code
I6: =IF(ISNA(VLOOKUP(G6,'Data sheet'!A1:B174,2,FALSE)),"",(VLOOKUP(G6,'Data sheet'!A1:B165,2,FALSE)))
I7: =IF(ISNA(VLOOKUP(G7,'Data sheet'!A1:B174,2,FALSE)),"",(VLOOKUP(G7,'Data sheet'!A1:B165,2,FALSE)))
I8: =IF(ISNA(VLOOKUP(G8,'Data sheet'!A1:B174,2,FALSE)),"",(VLOOKUP(G8,'Data sheet'!A1:B165,2,FALSE)))
I9: =IF(ISNA(VLOOKUP(G9,'Data sheet'!A1:B174,2,FALSE)),"",(VLOOKUP(G9,'Data sheet'!A1:B165,2,FALSE)))
I10: =IF(ISNA(VLOOKUP(G10,'Data sheet'!A1:B174,2,FALSE)),"",(VLOOKUP(G10,'Data sheet'!A1:B165,2,FALSE)))
I11: =IF(ISNA(VLOOKUP(G11,'Data sheet'!A1:B174,2,FALSE)),"",(VLOOKUP(G11,'Data sheet'!A1:B165,2,FALSE)))
I12: =IF(ISNA(VLOOKUP(G12,'Data sheet'!A1:B174,2,FALSE)),"",(VLOOKUP(G12,'Data sheet'!A1:B165,2,FALSE)))
I13: =IF(ISNA(VLOOKUP(G13,'Data sheet'!A1:B174,2,FALSE)),"",(VLOOKUP(G13,'Data sheet'!A1:B165,2,FALSE)))
I14: =IF(ISNA(VLOOKUP(G14,'Data sheet'!A1:B180,2,FALSE)),"",(VLOOKUP(G14,'Data sheet'!A1:B171,2,FALSE)))
I15: =IF(ISNA(VLOOKUP(G15,'Data sheet'!A1:B181,2,FALSE)),"",(VLOOKUP(G15,'Data sheet'!A1:B172,2,FALSE)))
I16: =IF(ISNA(VLOOKUP(G16,'Data sheet'!A1:B182,2,FALSE)),"",(VLOOKUP(G16,'Data sheet'!A1:B173,2,FALSE)))
I17: =IF(ISNA(VLOOKUP(G17,'Data sheet'!A1:B183,2,FALSE)),"",(VLOOKUP(G17,'Data sheet'!A1:B174,2,FALSE)))
I18: =IF(ISNA(VLOOKUP(G18,'Data sheet'!A1:B184,2,FALSE)),"",(VLOOKUP(G18,'Data sheet'!A1:B175,2,FALSE)))
I19: =IF(ISNA(VLOOKUP(G19,'Data sheet'!A1:B185,2,FALSE)),"",(VLOOKUP(G19,'Data sheet'!A1:B176,2,FALSE)))
I20: =IF(ISNA(VLOOKUP(G20,'Data sheet'!A1:B186,2,FALSE)),"",(VLOOKUP(G20,'Data sheet'!A1:B177,2,FALSE)))
I21: =IF(ISNA(VLOOKUP(G21,'Data sheet'!A1:B187,2,FALSE)),"",(VLOOKUP(G21,'Data sheet'!A1:B178,2,FALSE)))

Sheet MRR 3
E1: Material Receiving Report
E2: Rec'd By: | G2: Rec. Date:
E3: Supplier: | G3: PO #:
A4: Job No. | E4: Record of Actual Code Required Markings
A5: Qty | B5: Circ. | C5: Diam. | D5: Thickness | E5: Heat # | F5: Product Description | G5: Material Spec. | H5: Part # | I5: Color Code
I6: =IF(ISNA(VLOOKUP(G6,'Data sheet'!A1:B174,2,FALSE)),"",(VLOOKUP(G6,'Data sheet'!A1:B165,2,FALSE)))
I7: =IF(ISNA(VLOOKUP(G7,'Data sheet'!A1:B174,2,FALSE)),"",(VLOOKUP(G7,'Data sheet'!A1:B165,2,FALSE)))
I8: =IF(ISNA(VLOOKUP(G8,'Data sheet'!A1:B174,2,FALSE)),"",(VLOOKUP(G8,'Data sheet'!A1:B165,2,FALSE)))
I9: =IF(ISNA(VLOOKUP(G9,'Data sheet'!A1:B174,2,FALSE)),"",(VLOOKUP(G9,'Data sheet'!A1:B165,2,FALSE)))
I10: =IF(ISNA(VLOOKUP(G10,'Data sheet'!A1:B174,2,FALSE)),"",(VLOOKUP(G10,'Data sheet'!A1:B165,2,FALSE)))
I11: =IF(ISNA(VLOOKUP(G11,'Data sheet'!A1:B174,2,FALSE)),"",(VLOOKUP(G11,'Data sheet'!A1:B165,2,FALSE)))
I12: =IF(ISNA(VLOOKUP(G12,'Data sheet'!A1:B174,2,FALSE)),"",(VLOOKUP(G12,'Data sheet'!A1:B165,2,FALSE)))
I13: =IF(ISNA(VLOOKUP(G13,'Data sheet'!A1:B174,2,FALSE)),"",(VLOOKUP(G13,'Data sheet'!A1:B165,2,FALSE)))
I14: =IF(ISNA(VLOOKUP(G14,'Data sheet'!A1:B180,2,FALSE)),"",(VLOOKUP(G14,'Data sheet'!A1:B171,2,FALSE)))
I15: =IF(ISNA(VLOOKUP(G15,'Data sheet'!A1:B181,2,FALSE)),"",(VLOOKUP(G15,'Data sheet'!A1:B172,2,FALSE)))
I16: =IF(ISNA(VLOOKUP(G16,'Data sheet'!A1:B182,2,FALSE)),"",(VLOOKUP(G16,'Data sheet'!A1:B173,2,FALSE)))
I17: =IF(ISNA(VLOOKUP(G17,'Data sheet'!A1:B183,2,FALSE)),"",(VLOOKUP(G17,'Data sheet'!A1:B174,2,FALSE)))
I18: =IF(ISNA(VLOOKUP(G18,'Data sheet'!A1:B184,2,FALSE)),"",(VLOOKUP(G18,'Data sheet'!A1:B175,2,FALSE)))
I19: =IF(ISNA(VLOOKUP(G19,'Data sheet'!A1:B185,2,FALSE)),"",(VLOOKUP(G19,'Data sheet'!A1:B176,2,FALSE)))
I20: =IF(ISNA(VLOOKUP(G20,'Data sheet'!A1:B186,2,FALSE)),"",(VLOOKUP(G20,'Data sheet'!A1:B177,2,FALSE)))
I21: =IF(ISNA(VLOOKUP(G21,'Data sheet'!A1:B187,2,FALSE)),"",(VLOOKUP(G21,'Data sheet'!A1:B178,2,FALSE)))

Sheet Data sheet
A1: A53 Grade B (ERW) | B1: RED | D1: Lucian Gear
A2: A105N | B2: LB | D2: Keith Kraemer
A3: 105N | B3: LB | D3: Llyam Stoddard
A4: A234 WPB | B4: LB
A5: A333 - 6 | B5: FO
A6: SA350-LF2 CL.1 | B6: FO
A7: A420 WPL6 | B7: FO
A8: A516-70N | B8: FO
A9: A-36 | B9: WHITE
A10: Flat Bar | B10: WHITE
A11: Round Bar | B11: WHITE
A12: G40.21-44W | B12: FG
A13: Angle Iron | B13: FG
A14: A1011 | B14: FG
A15: G40.21-50W | B15: FP
... A19: G40.21-50WT-CAT 4 | B19: YELLOW
A20: 4130 | B20: PURPLE
A21: 4130H | B21: PURPLE
A22: A106-B | B22: LB
A23: LCC | B23: -
A24: 316/316L | B24: -
A25: 316 | B25: -
A26: LCC CS | B26: -
A27: SA516-70N | B27: FO
A28: A403-WP-316 | B28: -
A29: A352LCC/A350LF2/316SS | B29: -
A30: NACE | B30: -
A31: 1018 | B31: FG
A32: A351-CF8M | B32: -
A33: A312-316L | B33: -
A34: G40.21 50WT-4 | B34: Y
A35: SA/A194-2HM | B35: -
A36: SA/A194-7 | B36: -
A37: SA/A193-B7M | B37: -
A38: SA/A320-L43 | B38: -
A39: CSA G40.21 50W | B39: FP
A40: CSA G40.21 44W | B40: FG
A41: A216-WCB | B41: -
A42: F436-1 | B42: -
A43: A563-DH | B43: -
