Workbook

Sheet MRR
E1: Material Receiving Report
E2: Rec'd By: | F2: Lucian Gear | G2: Rec. Date:
E3: Supplier: | G3: PO #:
A4: Job No. | E4: Record of Actual Code Required Markings
A5: Qty | B5: Circ. | C5: Diam. | D5: Thickness | E5: Heat # | F5: Product Description | G5: Material Spec. | H5: Part # | I5: Color Code
A6: 2 | F6: Shell, Rolled Plate, 48" OD x 2" Thick x 120" Long, 1/8" Gap, CS/LS 25 Deg O/S Bevel No Land | G6: SA516-70N | H6: 1029200 | I6: =IF(ISNA(VLOOKUP(G6,'Data sheet'!A1:B174,2,FALSE)),"",(VLOOKUP(G6,'Data sheet'!A1:B165,2,FALSE))) -> FO
A7: 2 | F7: Shell, Rolled Plate, 48" OD x 2" Thick x 120" Long, 1/8" Gap, CS/LS 25 Deg O/S Bevel No Land | G7: SA516-70N | H7: 1029200 | I7: =IF(ISNA(VLOOKUP(G7,'Data sheet'!A1:B174,2,FALSE)),"",(VLOOKUP(G7,'Data sheet'!A1:B165,2,FALSE))) -> FO
A8: 2 | F8: Shell, Rolled Plate, 48" OD x 2" Thick x 120" Long, 1/8" Gap, CS/LS 25 Deg O/S Bevel No Land | G8: SA516-70N | H8: 1029200 | I8: =IF(ISNA(VLOOKUP(G8,'Data sheet'!A1:B174,2,FALSE)),"",(VLOOKUP(G8,'Data sheet'!A1:B165,2,FALSE))) -> FO
A9: 2 | F9: Shell, Rolled Plate, 48" OD x 2" Thick x 120" Long, 1/8" Gap, CS/LS 25 Deg O/S Bevel No Land | G9: SA516-70N | H9: 1029200 | I9: =IF(ISNA(VLOOKUP(G9,'Data sheet'!A1:B174,2,FALSE)),"",(VLOOKUP(G9,'Data sheet'!A1:B165,2,FALSE))) -> FO
A10: 2 | F10: Shell, Rolled Plate, 48" OD x 2" Thick x 120" Long, 1/8" Gap, CS/LS 25 Deg O/S Bevel No Land | G10: SA516-70N | H10: 1029200 | I10: =IF(ISNA(VLOOKUP(G10,'Data sheet'!A1:B174,2,FALSE)),"",(VLOOKUP(G10,'Data sheet'!A1:B165,2,FALSE))) -> FO
A11: 2 | F11: Shell, Rolled Plate, 48" OD x 2" Thick x 120" Long, 1/8" Gap, CS/LS 25 Deg O/S Bevel No Land | G11: SA516-70N | H11: 1029200 | I11: =IF(ISNA(VLOOKUP(G11,'Data sheet'!A1:B174,2,FALSE)),"",(VLOOKUP(G11,'Data sheet'!A1:B165,2,FALSE))) -> FO
A12: 2 | F12: Shell, Rolled Plate, 48" OD x 2" Thick x 120" Long, 1/8" Gap, CS/LS 25 Deg O/S Bevel No Land | G12: SA516-70N | H12: 1029200 | I12: =IF(ISNA(VLOOKUP(G12,'Data sheet'!A1:B174,2,FALSE)),"",(VLOOKUP(G12,'Data sheet'!A1:B165,2,FALSE))) -> FO
A13: 2 | F13: Shell, Rolled Plate, 48" OD x 2" Thick x 120" Long, 1/8" Gap, CS/LS 25 Deg O/S Bevel No Land | G13: SA516-70N | H13: 1029200 | I13: =IF(ISNA(VLOOKUP(G13,'Data sheet'!A1:B174,2,FALSE)),"",(VLOOKUP(G13,'Data sheet'!A1:B165,2,FALSE))) -> FO
A14: 2 | F14: Shell, Rolled Plate, 48" OD x 2" Thick x 120" Long, 1/8" Gap, CS/LS 25 Deg O/S Bevel No Land | G14: SA516-70N | H14: 1029200 | I14: =IF(ISNA(VLOOKUP(G14,'Data sheet'!A1:B180,2,FALSE)),"",(VLOOKUP(G14,'Data sheet'!A1:B171,2,FALSE))) -> FO
A15: 2 | F15: Shell, Rolled Plate, 48" OD x 2" Thick x 120" Long, 1/8" Gap, CS/LS 25 Deg O/S Bevel No Land | G15: SA516-70N | H15: 1029200 | I15: =IF(ISNA(VLOOKUP(G15,'Data sheet'!A1:B181,2,FALSE)),"",(VLOOKUP(G15,'Data sheet'!A1:B172,2,FALSE))) -> FO
A16: 2 | F16: Shell, Rolled Plate, 48" OD x 2" Thick x 120" Long, 1/8" Gap, CS/LS 25 Deg O/S Bevel No Land | G16: SA516-70N | H16: 1029200 | I16: =IF(ISNA(VLOOKUP(G16,'Data sheet'!A1:B182,2,FALSE)),"",(VLOOKUP(G16,'Data sheet'!A1:B173,2,FALSE))) -> FO
A17: 2 | F17: Shell, Rolled Plate, 48" OD x 2" Thick x 120" Long, 1/8" Gap, CS/LS 25 Deg O/S Bevel No Land | G17: SA516-70N | H17: 1029200 | I17: =IF(ISNA(VLOOKUP(G17,'Data sheet'!A1:B183,2,FALSE)),"",(VLOOKUP(G17,'Data sheet'!A1:B174,2,FALSE))) -> FO
A18: 2 | F18: Shell, Rolled Plate, 48" OD x 2" Thick x 120" Long, 1/8" Gap, CS/LS 25 Deg O/S Bevel No Land | G18: SA516-70N | H18: 1029200 | I18: =IF(ISNA(VLOOKUP(G18,'Data sheet'!A1:B184,2,FALSE)),"",(VLOOKUP(G18,'Data sheet'!A1:B175,2,FALSE))) -> FO
A19: 2 | F19: Shell, Rolled Plate, 48" OD x 2" Thick x 120" Long, 1/8" Gap, CS/LS 25 Deg O/S Bevel No Land | G19: SA516-70N | H19: 1029200 | I19: =IF(ISNA(VLOOKUP(G19,'Data sheet'!A1:B185,2,FALSE)),"",(VLOOKUP(G19,'Data sheet'!A1:B176,2,FALSE))) -> FO
A20: 2 | F20: Shell, Rolled Plate, 48" OD x 2" Thick x 120" Long, 1/8" Gap, CS/LS 25 Deg O/S Bevel No Land | G20: SA516-70N | H20: 1029200 | I20: =IF(ISNA(VLOOKUP(G20,'Data sheet'!A1:B186,2,FALSE)),"",(VLOOKUP(G20,'Data sheet'!A1:B177,2,FALSE))) -> FO
A21: 2 | F21: Shell, Rolled Plate, 48" OD x 2" Thick x 120" Long, 1/8" Gap, CS/LS 25 Deg O/S Bevel No Land | G21: SA516-70N | H21: 1029200 | I21: =IF(ISNA(VLOOKUP(G21,'Data sheet'!A1:B187,2,FALSE)),"",(VLOOKUP(G21,'Data sheet'!A1:B178,2,FALSE))) -> FO

Sheet MRR 2
E1: Material Receiving Report
E2: Rec'd By: | F2: Lucian Gear | G2: Rec. Date:
E3: Supplier: | G3: PO #:
A4: Job No. | E4: Record of Actual Code Required Markings
A5: Qty | B5: Circ. | C5: Diam. | D5: Thickness | E5: Heat # | F5: Product Description | G5: Material Spec. | H5: Part # | I5: Color Code
A6: 2 | F6: Shell, Rolled Plate, 48" OD x 2" Thick x 120" Long, 1/8" Gap, CS/LS 25 Deg O/S Bevel No Land | G6: SA516-70N | H6: 1029200 | I6: =IF(ISNA(VLOOKUP(G6,'Data sheet'!A1:B174,2,FALSE)),"",(VLOOKUP(G6,'Data sheet'!A1:B165,2,FALSE))) -> FO
A7: 2 | F7: Shell, Rolled Plate, 48" OD x 2" Thick x 120" Long, 1/8" Gap, CS/LS 25 Deg O/S Bevel No Land | G7: SA516-70N | H7: 1029200 | I7: =IF(ISNA(VLOOKUP(G7,'Data sheet'!A1:B174,2,FALSE)),"",(VLOOKUP(G7,'Data sheet'!A1:B165,2,FALSE))) -> FO
A8: 2 | F8: Shell, Rolled Plate, 48" OD x 2" Thick x 120" Long, 1/8" Gap, CS/LS 25 Deg O/S Bevel No Land | G8: SA516-70N | H8: 1029200 | I8: =IF(ISNA(VLOOKUP(G8,'Data sheet'!A1:B174,2,FALSE)),"",(VLOOKUP(G8,'Data sheet'!A1:B165,2,FALSE))) -> FO
A9: 2 | F9: Shell, Rolled Plate, 48" OD x 2" Thick x 120" Long, 1/8" Gap, CS/LS 25 Deg O/S Bevel No Land | G9: SA516-70N | H9: 1029200 | I9: =IF(ISNA(VLOOKUP(G9,'Data sheet'!A1:B174,2,FALSE)),"",(VLOOKUP(G9,'Data sheet'!A1:B165,2,FALSE))) -> FO
A10: 2 | F10: Shell, Rolled Plate, 48" OD x 2" Thick x 120" Long, 1/8" Gap, CS/LS 25 Deg O/S Bevel No Land | G10: SA516-70N | H10: 1029200 | I10: =IF(ISNA(VLOOKUP(G10,'Data sheet'!A1:B174,2,FALSE)),"",(VLOOKUP(G10,'Data sheet'!A1:B165,2,FALSE))) -> FO
A11: 2 | F11: Shell, Rolled Plate, 48" OD x 2" Thick x 120" Long, 1/8" Gap, CS/LS 25 Deg O/S Bevel No Land | G11: SA516-70N | H11: 1029200 | I11: =IF(ISNA(VLOOKUP(G11,'Data sheet'!A1:B174,2,FALSE)),"",(VLOOKUP(G11,'Data sheet'!A1:B165,2,FALSE))) -> FO
A12: 2 | F12: Shell, Rolled Plate, 48" OD x 2" Thick x 120" Long, 1/8" Gap, CS/LS 25 Deg O/S Bevel No Land | G12: SA516-70N | H12: 1029200 | I12: =IF(ISNA(VLOOKUP(G12,'Data sheet'!A1:B174,2,FALSE)),"",(VLOOKUP(G12,'Data sheet'!A1:B165,2,FALSE))) -> FO
A13: 2 | F13: Shell, Rolled Plate, 48" OD x 2" Thick x 120" Long, 1/8" Gap, CS/LS 25 Deg O/S Bevel No Land | G13: SA516-70N | H13: 1029200 | I13: =IF(ISNA(VLOOKUP(G13,'Data sheet'!A1:B174,2,FALSE)),"",(VLOOKUP(G13,'Data sheet'!A1:B165,2,FALSE))) -> FO
A14: 2 | F14: Shell, Rolled Plate, 48" OD x 2" Thick x 120" Long, 1/8" Gap, CS/LS 25 Deg O/S Bevel No Land | G14: SA516-70N | H14: 1029200 | I14: =IF(ISNA(VLOOKUP(G14,'Data sheet'!A1:B180,2,FALSE)),"",(VLOOKUP(G14,'Data sheet'!A1:B171,2,FALSE))) -> FO
A15: 2 | F15: Shell, Rolled Plate, 48" OD x 2" Thick x 120" Long, 1/8" Gap, CS/LS 25 Deg O/S Bevel No Land | G15: SA516-70N | H15: 1029200 | I15: =IF(ISNA(VLOOKUP(G15,'Data sheet'!A1:B181,2,FALSE)),"",(VLOOKUP(G15,'Data sheet'!A1:B172,2,FALSE))) -> FO
A16: 2 | F16: Shell, Rolled Plate, 48" OD x 2" Thick x 120" Long, 1/8" Gap, CS/LS 25 Deg O/S Bevel No Land | G16: SA516-70N | H16: 1029200 | I16: =IF(ISNA(VLOOKUP(G16,'Data sheet'!A1:B182,2,FALSE)),"",(VLOOKUP(G16,'Data sheet'!A1:B173,2,FALSE))) -> FO
A17: 2 | F17: Shell, Rolled Plate, 48" OD x 2" Thick x 120" Long, 1/8" Gap, CS/LS 25 Deg O/S Bevel No Land | G17: SA516-70N | H17: 1029200 | I17: =IF(ISNA(VLOOKUP(G17,'Data sheet'!A1:B183,2,FALSE)),"",(VLOOKUP(G17,'Data sheet'!A1:B174,2,FALSE))) -> FO
A18: 2 | F18: Shell, Rolled Plate, 48" OD x 2" Thick x 120" Long, 1/8" Gap, CS/LS 25 Deg O/S Bevel No Land | G18: SA516-70N | H18: 1029200 | I18: =IF(ISNA(VLOOKUP(G18,'Data sheet'!A1:B184,2,FALSE)),"",(VLOOKUP(G18,'Data sheet'!A1:B175,2,FALSE))) -> FO
A19: 2 | F19: Shell, Rolled Plate, 48" OD x 2" Thick x 120" Long, 1/8" Gap, CS/LS 25 Deg O/S Bevel No Land | G19: SA516-70N | H19: 1029200 | I19: =IF(ISNA(VLOOKUP(G19,'Data sheet'!A1:B185,2,FALSE)),"",(VLOOKUP(G19,'Data sheet'!A1:B176,2,FALSE))) -> FO
A20: 2 | F20: Shell, Rolled Plate, 48" OD x 2" Thick x 120" Long, 1/8" Gap, CS/LS 25 Deg O/S Bevel No Land | G20: SA516-70N | H20: 1029200 | I20: =IF(ISNA(VLOOKUP(G20,'Data sheet'!A1:B186,2,FALSE)),"",(VLOOKUP(G20,'Data sheet'!A1:B177,2,FALSE))) -> FO
A21: 2 | F21: Shell, Rolled Plate, 48" OD x 2" Thick x 120" Long, 1/8" Gap, CS/LS 25 Deg O/S Bevel No Land | G21: SA516-70N | H21: 1029200 | I21: =IF(ISNA(VLOOKUP(G21,'Data sheet'!A1:B187,2,FALSE)),"",(VLOOKUP(G21,'Data sheet'!A1:B178,2,FALSE))) -> FO

Sheet MRR 3
E1: Material Receiving Report
E2: Rec'd By: | G2: Rec. Date:
E3: Supplier: | G3: PO #:
A4: Job No. | E4: Record of Actual Code Required Markings
A5: Qty | B5: Circ. | C5: Diam. | D5: Thickness | E5: Heat # | F5: Product Description | G5: Material Spec. | H5: Part # | I5: Color Code
A6: 2 | F6: Shell, Rolled Plate, 48" OD x 2" Thick x 120" Long, 1/8" Gap, CS/LS 25 Deg O/S Bevel No Land | G6: SA516-70N | H6: 1029200 | I6: =IF(ISNA(VLOOKUP(G6,'Data sheet'!A1:B174,2,FALSE)),"",(VLOOKUP(G6,'Data sheet'!A1:B165,2,FALSE))) -> FO
A7: 2 | F7: Shell, Rolled Plate, 48" OD x 2" Thick x 120" Long, 1/8" Gap, CS/LS 25 Deg O/S Bevel No Land | G7: SA516-70N | H7: 1029200 | I7: =IF(ISNA(VLOOKUP(G7,'Data sheet'!A1:B174,2,FALSE)),"",(VLOOKUP(G7,'Data sheet'!A1:B165,2,FALSE))) -> FO
A8: 2 | F8: Shell, Rolled Plate, 48" OD x 2" Thick x 120" Long, 1/8" Gap, CS/LS 25 Deg O/S Bevel No Land | G8: SA516-70N | H8: 1029200 | I8: =IF(ISNA(VLOOKUP(G8,'Data sheet'!A1:B174,2,FALSE)),"",(VLOOKUP(G8,'Data sheet'!A1:B165,2,FALSE))) -> FO
A9: 2 | F9: Shell, Rolled Plate, 48" OD x 2" Thick x 120" Long, 1/8" Gap, CS/LS 25 Deg O/S Bevel No Land | G9: SA516-70N | H9: 1029200 | I9: =IF(ISNA(VLOOKUP(G9,'Data sheet'!A1:B174,2,FALSE)),"",(VLOOKUP(G9,'Data sheet'!A1:B165,2,FALSE))) -> FO
A10: 2 | F10: Shell, Rolled Plate, 48" OD x 2" Thick x 120" Long, 1/8" Gap, CS/LS 25 Deg O/S Bevel No Land | G10: SA516-70N | H10: 1029200 | I10: =IF(ISNA(VLOOKUP(G10,'Data sheet'!A1:B174,2,FALSE)),"",(VLOOKUP(G10,'Data sheet'!A1:B165,2,FALSE))) -> FO
A11: 2 | F11: Shell, Rolled Plate, 48" OD x 2" Thick x 120" Long, 1/8" Gap, CS/LS 25 Deg O/S Bevel No Land | G11: SA516-70N | H11: 1029200 | I11: =IF(ISNA(VLOOKUP(G11,'Data sheet'!A1:B174,2,FALSE)),"",(VLOOKUP(G11,'Data sheet'!A1:B165,2,FALSE))) -> FO
A12: 2 | F12: Shell, Rolled Plate, 48" OD x 2" Thick x 120" Long, 1/8" Gap, CS/LS 25 Deg O/S Bevel No Land | G12: SA516-70N | H12: 1029200 | I12: =IF(ISNA(VLOOKUP(G12,'Data sheet'!A1:B174,2,FALSE)),"",(VLOOKUP(G12,'Data sheet'!A1:B165,2,FALSE))) -> FO
A13: 2 | F13: Shell, Rolled Plate, 48" OD x 2" Thick x 120" Long, 1/8" Gap, CS/LS 25 Deg O/S Bevel No Land | G13: SA516-70N | H13: 1029200 | I13: =IF(ISNA(VLOOKUP(G13,'Data sheet'!A1:B174,2,FALSE)),"",(VLOOKUP(G13,'Data sheet'!A1:B165,2,FALSE))) -> FO
A14: 2 | F14: Shell, Rolled Plate, 48" OD x 2" Thick x 120" Long, 1/8" Gap, CS/LS 25 Deg O/S Bevel No Land | G14: SA516-70N | H14: 1029200 | I14: =IF(ISNA(VLOOKUP(G14,'Data sheet'!A1:B180,2,FALSE)),"",(VLOOKUP(G14,'Data sheet'!A1:B171,2,FALSE))) -> FO
A15: 2 | F15: Shell, Rolled Plate, 48" OD x 2" Thick x 120" Long, 1/8" Gap, CS/LS 25 Deg O/S Bevel No Land | G15: SA516-70N | H15: 1029200 | I15: =IF(ISNA(VLOOKUP(G15,'Data sheet'!A1:B181,2,FALSE)),"",(VLOOKUP(G15,'Data sheet'!A1:B172,2,FALSE))) -> FO
A16: 2 | F16: Shell, Rolled Plate, 48" OD x 2" Thick x 120" Long, 1/8" Gap, CS/LS 25 Deg O/S Bevel No Land | G16: SA516-70N | H16: 1029200 | I16: =IF(ISNA(VLOOKUP(G16,'Data sheet'!A1:B182,2,FALSE)),"",(VLOOKUP(G16,'Data sheet'!A1:B173,2,FALSE))) -> FO
A17: 2 | F17: Shell, Rolled Plate, 48" OD x 2" Thick x 120" Long, 1/8" Gap, CS/LS 25 Deg O/S Bevel No Land | G17: SA516-70N | H17: 1029200 | I17: =IF(ISNA(VLOOKUP(G17,'Data sheet'!A1:B183,2,FALSE)),"",(VLOOKUP(G17,'Data sheet'!A1:B174,2,FALSE))) -> FO
A18: 2 | F18: Shell, Rolled Plate, 48" OD x 2" Thick x 120" Long, 1/8" Gap, CS/LS 25 Deg O/S Bevel No Land | G18: SA516-70N | H18: 1029200 | I18: =IF(ISNA(VLOOKUP(G18,'Data sheet'!A1:B184,2,FALSE)),"",(VLOOKUP(G18,'Data sheet'!A1:B175,2,FALSE))) -> FO
A19: 2 | F19: Shell, Rolled Plate, 48" OD x 2" Thick x 120" Long, 1/8" Gap, CS/LS 25 Deg O/S Bevel No Land | G19: SA516-70N | H19: 1029200 | I19: =IF(ISNA(VLOOKUP(G19,'Data sheet'!A1:B185,2,FALSE)),"",(VLOOKUP(G19,'Data sheet'!A1:B176,2,FALSE))) -> FO
A20: 2 | F20: Shell, Rolled Plate, 48" OD x 2" Thick x 120" Long, 1/8" Gap, CS/LS 25 Deg O/S Bevel No Land | G20: SA516-70N | H20: 1029200 | I20: =IF(ISNA(VLOOKUP(G20,'Data sheet'!A1:B186,2,FALSE)),"",(VLOOKUP(G20,'Data sheet'!A1:B177,2,FALSE))) -> FO
A21: 2 | F21: Shell, Rolled Plate, 48" OD x 2" Thick x 120" Long, 1/8" Gap, CS/LS 25 Deg O/S Bevel No Land | G21: SA516-70N | H21: 1029200 | I21: =IF(ISNA(VLOOKUP(G21,'Data sheet'!A1:B187,2,FALSE)),"",(VLOOKUP(G21,'Data sheet'!A1:B178,2,FALSE))) -> FO

Sheet MRR 4
E1: Material Receiving Report
E2: Rec'd By: | F2: Lucian Gear | G2: Rec. Date:
E3: Supplier: | G3: PO #:
A4: Job No. | E4: Record of Actual Code Required Markings
A5: Qty | B5: Circ. | C5: Diam. | D5: Thickness | E5: Heat # | F5: Product Description | G5: Material Spec. | H5: Part # | I5: Color Code
A6: 2 | F6: Shell, Rolled Plate, 48" OD x 2" Thick x 120" Long, 1/8" Gap, CS/LS 25 Deg O/S Bevel No Land | G6: SA516-70N | H6: 1029200 | I6: =IF(ISNA(VLOOKUP(G6,'Data sheet'!A1:B174,2,FALSE)),"",(VLOOKUP(G6,'Data sheet'!A1:B165,2,FALSE))) -> FO
A7: 2 | F7: Shell, Rolled Plate, 48" OD x 2" Thick x 120" Long, 1/8" Gap, CS/LS 25 Deg O/S Bevel No Land | G7: SA516-70N | H7: 1029200 | I7: =IF(ISNA(VLOOKUP(G7,'Data sheet'!A1:B174,2,FALSE)),"",(VLOOKUP(G7,'Data sheet'!A1:B165,2,FALSE))) -> FO
A8: 1 | F8: Head, 2:1 Semi Elliptical, Formed Plate, 48" OD x 2" Thick (1.9375" Min), 2" SF, 25 Deg O/S Bevel No Land | G8: SA516-70N | H8: 1029201 | I8: =IF(ISNA(VLOOKUP(G8,'Data sheet'!A1:B174,2,FALSE)),"",(VLOOKUP(G8,'Data sheet'!A1:B165,2,FALSE))) -> FO
I9: =IF(ISNA(VLOOKUP(G9,'Data sheet'!A1:B174,2,FALSE)),"",(VLOOKUP(G9,'Data sheet'!A1:B165,2,FALSE)))
I10: =IF(ISNA(VLOOKUP(G10,'Data sheet'!A1:B174,2,FALSE)),"",(VLOOKUP(G10,'Data sheet'!A1:B165,2,FALSE)))
I11: =IF(ISNA(VLOOKUP(G11,'Data sheet'!A1:B174,2,FALSE)),"",(VLOOKUP(G11,'Data sheet'!A1:B165,2,FALSE)))
I12: =IF(ISNA(VLOOKUP(G12,'Data sheet'!A1:B174,2,FALSE)),"",(VLOOKUP(G12,'Data sheet'!A1:B165,2,FALSE)))
I13: =IF(ISNA(VLOOKUP(G13,'Data sheet'!A1:B174,2,FALSE)),"",(VLOOKUP(G13,'Data sheet'!A1:B165,2,FALSE)))
I14: =IF(ISNA(VLOOKUP(G14,'Data sheet'!A1:B180,2,FALSE)),"",(VLOOKUP(G14,'Data sheet'!A1:B171,2,FALSE)))
I15: =IF(ISNA(VLOOKUP(G15,'Data sheet'!A1:B181,2,FALSE)),"",(VLOOKUP(G15,'Data sheet'!A1:B172,2,FALSE)))
I16: =IF(ISNA(VLOOKUP(G16,'Data sheet'!A1:B182,2,FALSE)),"",(VLOOKUP(G16,'Data sheet'!A1:B173,2,FALSE)))
I17: =IF(ISNA(VLOOKUP(G17,'Data sheet'!A1:B183,2,FALSE)),"",(VLOOKUP(G17,'Data sheet'!A1:B174,2,FALSE)))
I18: =IF(ISNA(VLOOKUP(G18,'Data sheet'!A1:B184,2,FALSE)),"",(VLOOKUP(G18,'Data sheet'!A1:B175,2,FALSE)))
I19: =IF(ISNA(VLOOKUP(G19,'Data sheet'!A1:B185,2,FALSE)),"",(VLOOKUP(G19,'Data sheet'!A1:B176,2,FALSE)))
I20: =IF(ISNA(VLOOKUP(G20,'Data sheet'!A1:B186,2,FALSE)),"",(VLOOKUP(G20,'Data sheet'!A1:B177,2,FALSE)))
I21: =IF(ISNA(VLOOKUP(G21,'Data sheet'!A1:B187,2,FALSE)),"",(VLOOKUP(G21,'Data sheet'!A1:B178,2,FALSE)))

Sheet Data sheet
A1: A53 Grade B (ERW) | B1: RED | D1: Lucian Gear
A2: A105N | B2: LB | D2: Keith Kraemer
A3: 105N | B3: LB | D3: Llyam Stoddard
A4: A234 WPB | B4: LB
A5: A333 - 6 | B5: FO
A6: SA350-LF2 CL.1 | B6: FO
A7: A420 WPL6 | B7: FO
A8: A516-70N | B8: FO
A9: A-36 | B9: WHITE
A10: Flat Bar | B10: WHITE
A11: Round Bar | B11: WHITE
A12: G40.21-44W | B12: FG
A13: Angle Iron | B13: FG
A14: A1011 | B14: FG
A15: G40.21-50W | B15: FP
... A19: G40.21-50WT-CAT 4 | B19: YELLOW
A20: 4130 | B20: PURPLE
A21: 4130H | B21: PURPLE
A22: A106-B | B22: LB
A23: LCC | B23: -
A24: 316/316L | B24: -
A25: 316 | B25: -
A26: LCC CS | B26: -
A27: SA516-70N | B27: FO
A28: A403-WP-316 | B28: -
A29: A352LCC/A350LF2/316SS | B29: -
A30: NACE | B30: -
A31: 1018 | B31: FG
A32: A351-CF8M | B32: -
A33: A312-316L | B33: -
A34: G40.21 50WT-4 | B34: Y
A35: SA/A194-2HM | B35: -
A36: SA/A194-7 | B36: -
A37: SA/A193-B7M | B37: -
A38: SA/A320-L43 | B38: -
A39: CSA G40.21 50W | B39: FP
A40: CSA G40.21 44W | B40: FG
A41: A216-WCB | B41: -
A42: F436-1 | B42: -
A43: A563-DH | B43: -

Sheet Processed Data
A1: Qty | B1: Part # | C1: Product Description | D1: Material Spec. | E1: Color Code | F1: Excluded | G1: Split Group
A2: 2 | B2: 1029200 | C2: Shell, Rolled Plate, 48" OD x 2" Thick x 120" Long, 1/8" Gap, CS/LS 25 Deg O/S Bevel No Land | D2: SA516-70N | E2: FO | F2: No | G2: 1
A3: 2 | B3: 1029200 | C3: Shell, Rolled Plate, 48" OD x 2" Thick x 120" Long, 1/8" Gap, CS/LS 25 Deg O/S Bevel No Land | D3: SA516-70N | E3: FO | F3: No | G3: 1
A4: 2 | B4: 1029200 | C4: Shell, Rolled Plate, 48" OD x 2" Thick x 120" Long, 1/8" Gap, CS/LS 25 Deg O/S Bevel No Land | D4: SA516-70N | E4: FO | F4: No | G4: 1
A5: 2 | B5: 1029200 | C5: Shell, Rolled Plate, 48" OD x 2" Thick x 120" Long, 1/8" Gap, CS/LS 25 Deg O/S Bevel No Land | D5: SA516-70N | E5: FO | F5: No | G5: 1
A6: 2 | B6: 1029200 | C6: Shell, Rolled Plate, 48" OD x 2" Thick x 120" Long, 1/8" Gap, CS/LS 25 Deg O/S Bevel No Land | D6: SA516-70N | E6: FO | F6: No | G6: 1
A7: 2 | B7: 1029200 | C7: Shell, Rolled Plate, 48" OD x 2" Thick x 120" Long, 1/8" Gap, CS/LS 25 Deg O/S Bevel No Land | D7: SA516-70N | E7: FO | F7: No | G7: 1
A8: 2 | B8: 1029200 | C8: Shell, Rolled Plate, 48" OD x 2" Thick x 120" Long, 1/8" Gap, CS/LS 25 Deg O/S Bevel No Land | D8: SA516-70N | E8: FO | F8: No | G8: 1
A9: 2 | B9: 1029200 | C9: Shell, Rolled Plate, 48" OD x 2" Thick x 120" Long, 1/8" Gap, CS/LS 25 Deg O/S Bevel No Land | D9: SA516-70N | E9: FO | F9: No | G9: 1
A10: 2 | B10: 1029200 | C10: Shell, Rolled Plate, 48" OD x 2" Thick x 120" Long, 1/8" Gap, CS/LS 25 Deg O/S Bevel No Land | D10: SA516-70N | E10: FO | F10: No | G10: 1
A11: 2 | B11: 1029200 | C11: Shell, Rolled Plate, 48" OD x 2" Thick x 120" Long, 1/8" Gap, CS/LS 25 Deg O/S Bevel No Land | D11: SA516-70N | E11: FO | F11: No | G11: 1
A12: 2 | B12: 1029200 | C12: Shell, Rolled Plate, 48" OD x 2" Thick x 120" Long, 1/8" Gap, CS/LS 25 Deg O/S Bevel No Land | D12: SA516-70N | E12: FO | F12: No | G12: 1
A13: 2 | B13: 1029200 | C13: Shell, Rolled Plate, 48" OD x 2" Thick x 120" Long, 1/8" Gap, CS/LS 25 Deg O/S Bevel No Land | D13: SA516-70N | E13: FO | F13: No | G13: 1
... A51: 2 | B51: 1029200 | C51: Shell, Rolled Plate, 48" OD x 2" Thick x 120" Long, 1/8" Gap, CS/LS 25 Deg O/S Bevel No Land | D51: SA516-70N | E51: FO | F51: No | G51: 1
A52: 1 | B52: 1029201 | C52: Head, 2:1 Semi Elliptical, Formed Plate, 48" OD x 2" Thick (1.9375" Min), 2" SF, 25 Deg O/S Bevel No Land | D52: SA516-70N | E52: FO | F52: No
